{
    "fun": "grezzo",
    "args": [
        10
    ],
    "n_threads": 1,
    "seq_iter": 16,
    "iter": 16,
    "mean": 0.00021194268720137188,
    "variance": 2.346826656134786e-10
}