{
    "fun": "grezzo",
    "args": [
        10
    ],
    "n_threads": 1,
    "seq_iter": 16,
    "iter": 16,
    "mean": 0.0001950157675310038,
    "variance": 1.4167208238202033e-10
}