{
    "fun": "grezzo",
    "args": [
        10
    ],
    "n_threads": 2,
    "seq_iter": 8,
    "iter": 16,
    "mean": 0.0002524608125895611,
    "variance": 7.074075433365759e-10
}