{
    "fun": "grezzo",
    "args": [
        10
    ],
    "n_threads": 8,
    "seq_iter": 2,
    "iter": 16,
    "mean": 0.0004928696289425716,
    "variance": 3.039888032178875e-08
}