{
    "fun": "grezzo",
    "args": [
        10
    ],
    "n_threads": 4,
    "seq_iter": 4,
    "iter": 16,
    "mean": 0.0002828906290233135,
    "variance": 1.7823397220646566e-10
}