{
    "fun": "grezzo",
    "args": [
        10
    ],
    "n_threads": 2,
    "seq_iter": 8,
    "iter": 16,
    "mean": 0.0002577293125796132,
    "variance": 2.635331830723071e-09
}