{
    "fun": "grezzo",
    "args": [
        10
    ],
    "n_threads": 4,
    "seq_iter": 4,
    "iter": 16,
    "mean": 0.0004090493457624689,
    "variance": 3.2845314410117306e-09
}