{
    "fun": "grezzo",
    "args": [
        10
    ],
    "n_threads": 2,
    "seq_iter": 8,
    "iter": 16,
    "mean": 0.0005044009449193254,
    "variance": 4.91256441118722e-07
}