{
    "fun": "grezzo",
    "args": [
        10
    ],
    "n_threads": 2,
    "seq_iter": 8,
    "iter": 16,
    "mean": 0.00022239577083382756,
    "variance": 1.8963195620962415e-10
}