{
    "fun": "grezzo",
    "args": [
        10
    ],
    "n_threads": 4,
    "seq_iter": 4,
    "iter": 16,
    "mean": 0.00029779437534216413,
    "variance": 7.127061304715762e-11
}