{
    "fun": "grezzo",
    "args": [
        10
    ],
    "n_threads": 8,
    "seq_iter": 2,
    "iter": 16,
    "mean": 0.0004069451679242775,
    "variance": 5.834617479859389e-10
}