{
    "fun": "grezzo",
    "args": [
        10
    ],
    "n_threads": 4,
    "seq_iter": 4,
    "iter": 16,
    "mean": 0.0003723776899278164,
    "variance": 2.0005937052297035e-08
}