{
    "fun": "grezzo",
    "args": [
        10
    ],
    "n_threads": 8,
    "seq_iter": 2,
    "iter": 16,
    "mean": 0.0004181953125907967,
    "variance": 4.3830565815665154e-10
}