{
    "fun": "grezzo",
    "args": [
        10
    ],
    "n_threads": 8,
    "seq_iter": 2,
    "iter": 16,
    "mean": 0.0006749426975147799,
    "variance": 1.2455359631017662e-07
}