{
    "fun": "grezzo",
    "args": [
        10
    ],
    "n_threads": 1,
    "seq_iter": 16,
    "iter": 16,
    "mean": 0.0029827084290445782,
    "variance": 2.116476606656266e-05
}