{
    "fun": "grezzo",
    "args": [
        10
    ],
    "n_threads": 1,
    "seq_iter": 16,
    "iter": 16,
    "mean": 0.00022002597688697278,
    "variance": 4.202759598155451e-10
}