{
    "fun": "just_wait",
    "args": [
        1
    ],
    "n_threads": 8,
    "seq_iter": 2,
    "iter": 16,
    "mean": 0.02562394543758728,
    "variance": 2.982697107410857e-06
}