{
    "fun": "just_wait",
    "args": [
        1
    ],
    "n_threads": 1,
    "seq_iter": 16,
    "iter": 16,
    "mean": 0.1934938776830677,
    "variance": 2.2755818615709543e-05
}