{
    "fun": "just_wait",
    "args": [
        1
    ],
    "n_threads": 2,
    "seq_iter": 8,
    "iter": 16,
    "mean": 0.0981066953172558,
    "variance": 1.669767475757694e-05
}