{
    "fun": "just_wait",
    "args": [
        1
    ],
    "n_threads": 8,
    "seq_iter": 2,
    "iter": 16,
    "mean": 0.025808747464907356,
    "variance": 1.918559815324282e-06
}