{
    "fun": "just_wait",
    "args": [
        1
    ],
    "n_threads": 4,
    "seq_iter": 4,
    "iter": 16,
    "mean": 0.04997469801310217,
    "variance": 4.015331690535293e-06
}