{
    "fun": "just_wait",
    "args": [
        1
    ],
    "n_threads": 8,
    "seq_iter": 2,
    "iter": 16,
    "mean": 0.025946775989723392,
    "variance": 4.550853962973568e-06
}