{
    "fun": "just_wait",
    "args": [
        1
    ],
    "n_threads": 4,
    "seq_iter": 4,
    "iter": 16,
    "mean": 0.04975515637499939,
    "variance": 2.6731348437243476e-06
}