{
    "fun": "just_wait",
    "args": [
        1
    ],
    "n_threads": 1,
    "seq_iter": 16,
    "iter": 16,
    "mean": 0.19622747662504025,
    "variance": 1.0120820105101745e-05
}