{
    "fun": "just_wait",
    "args": [
        1
    ],
    "n_threads": 1,
    "seq_iter": 16,
    "iter": 16,
    "mean": 0.1923250571853714,
    "variance": 3.098240086509366e-05
}