{
    "fun": "just_wait",
    "args": [
        1
    ],
    "n_threads": 2,
    "seq_iter": 8,
    "iter": 16,
    "mean": 0.09719501812651288,
    "variance": 1.1126651298322025e-05
}