{
    "fun": "just_wait",
    "args": [
        1
    ],
    "n_threads": 2,
    "seq_iter": 8,
    "iter": 16,
    "mean": 0.09846156524997696,
    "variance": 3.3051001598530204e-06
}