{
    "fun": "just_wait",
    "args": [
        1
    ],
    "n_threads": 8,
    "seq_iter": 2,
    "iter": 16,
    "mean": 0.025041765577043407,
    "variance": 2.0142054139728154e-06
}