{
    "fun": "just_wait",
    "args": [
        1
    ],
    "n_threads": 4,
    "seq_iter": 4,
    "iter": 16,
    "mean": 0.049912843642232474,
    "variance": 1.3416436169335218e-05
}